n,Iterative,Recursive
0,1710,855
1,1283,855
2,428,855
3,427,856
4,855,856
5,856,855
6,855,855
7,855,1283
8,855,1283
9,427,1711
10,427,1283
11,856,1710
12,428,1710
13,856,1710
14,855,1711
15,855,1711
16,856,1710
17,855,2138
18,856,2138
19,855,2139
20,855,2138
21,855,2139
22,856,2566
23,855,4704
24,856,2566
25,855,2566
26,427,2994
27,855,2994
28,428,2993
29,856,2993
30,855,2994
31,856,2994
32,855,2993
33,855,2566
34,1283,2993
35,856,3422
36,855,3421
37,856,3849
38,855,3849
39,855,3849
40,856,3421
41,1283,4277
42,1283,4704
43,855,23948
44,855,3849
45,855,3849
46,855,3849
47,1283,4277
48,855,4277
49,855,4277
50,856,4276
51,855,4704
52,1283,4276
53,856,4704
54,855,4704
55,855,4704
56,855,4704
57,855,4705
58,856,4704
59,856,5132
60,1283,19672
61,855,5132
62,855,5132
63,855,5559
64,1283,6415
65,855,6415
66,1283,6415
67,855,6843
68,1283,6415
69,1283,6415
70,1283,6415
71,1283,6843
72,1283,7270
73,1283,7270
74,855,7270
75,855,7270
76,1283,7270
77,855,20528
78,1283,7697
79,1283,7698
80,1283,7697
81,855,8126
82,1283,8125
83,1283,7697
84,1283,8126
85,1283,8126
86,1283,8125
87,1283,8553
88,1283,8553
89,1283,8553
90,1283,8553
91,1283,8553
92,1282,8554
93,1283,8981
94,1283,18817
95,1283,8981
96,1283,8980
97,1283,9408
98,1283,9408
99,1283,9409
100,1711,9408
101,1283,9836
102,1283,9836
103,1711,9408
104,1283,9836
105,1283,9836
106,1283,9836
107,1283,9836
108,1283,10264
109,1283,10692
110,1283,8553
111,1283,21383
112,1710,9409
113,1711,9836
114,1283,9836
115,1710,8980
116,1283,11546
117,1711,9409
118,1710,8553
119,1711,9408
120,1283,10264
121,1283,9836
122,1283,10263
123,1283,10263
124,1711,10264
125,1283,9837
126,1710,23093
127,1711,14113
128,1283,45759
129,1711,14112
130,1711,16679
131,2138,18817
132,1711,17534
133,1711,17534
134,1711,17961
135,1711,17961
136,1710,17962
137,1710,17962
138,2566,17107
139,2139,17106
140,1711,19672
141,2138,16679
142,2566,32930
143,2138,21383
144,1710,19245
145,2138,62010
146,1711,15823
147,2138,13258
148,1711,19672
149,2994,19672
150,1710,19245
151,2566,24377
152,2139,19672
153,1710,13685
154,1711,13257
155,1711,12402
156,1710,12402
157,1711,12402
158,1710,13258
159,1710,22238
160,1711,13257
161,1283,13257
162,1711,12830
163,1711,29508
164,1710,13685
165,1711,13685
166,1711,16679
167,1710,13685
168,1711,14113
169,1711,14113
170,1283,14113
171,1711,14113
172,1710,14540
173,1710,14540
174,1711,14541
175,1711,14541
176,1711,14540
177,1711,14540
178,1710,14968
179,1711,14968
180,1711,25659
181,1710,14540
182,1711,14967
183,1711,14967
184,2138,15395
185,2138,14967
186,1710,15823
187,2138,15396
188,1710,15396
189,1711,15395
190,1710,15823
191,2138,15824
192,1711,15823
193,2138,15823
194,2138,15823
195,1711,15823
196,1711,15823
197,1711,26515
198,1711,16251
199,2138,16251
200,1711,17961
201,2138,15395
202,2566,16251
203,2138,23949
204,2139,17961
205,2138,17962
206,2138,17962
207,2138,19245
208,2139,18389
209,2138,18389
210,2138,18389
211,2139,17962
212,2138,19673
213,2138,26942
214,2138,35495
215,2138,18389
216,2566,18817
217,2139,20100
218,2139,17961
219,2566,19672
220,2138,19672
221,2138,18817
222,2138,18389
223,2138,19672
224,2139,20100
225,2138,17534
226,2138,20100
227,2566,23521
228,2138,20528
229,2138,19672
230,2138,19672
231,2138,30364
232,2138,20100
233,2566,20100
234,2138,19244
235,2138,19672
236,2566,20100
237,2138,20100
238,5132,20528
239,2138,83820
240,2566,20955
241,2566,21382
242,2138,18817
243,2138,19672
244,2566,19673
245,2566,20527
246,2566,20527
247,2566,20100
248,2566,38061
249,2138,21383
250,2138,20100
251,2138,23521
252,2566,21383
253,2138,28653
254,2566,20100
255,2138,21383
256,2566,23521
257,2566,23521
258,2565,23094
259,2566,21382
260,2566,24376
261,2566,24376
262,2138,24804
263,2566,24376
264,2138,77405
265,2566,39344
266,2566,19672
267,2566,22238
268,2566,24804
269,2566,25231
270,2565,25232
271,2566,25660
272,2566,25232
273,2566,25660
274,2566,25660
275,2566,25659
276,2566,24376
277,2566,24377
278,12829,20528
279,2566,21383
280,2566,22666
281,2566,28226
282,2566,53885
283,2566,26515
284,4277,23521
285,2566,23521
286,2566,23094
287,2994,23521
288,2566,23521
289,2993,22238
290,2566,33784
291,2566,23949
292,2566,24377
293,2566,24804
294,2566,27798
295,2566,23093
296,2566,26087
297,2566,23949
298,2566,24376
299,2993,43193
300,2994,76550
301,2566,27370
302,2994,26942
303,2994,25659
304,2994,24804
305,2566,25660
306,2566,25659
307,2566,25659
308,2993,25659
309,2994,25659
310,2994,26087
311,2994,26087
312,2994,29508
313,2993,25232
314,2566,29508
315,2566,26087
316,2993,41911
317,2993,25659
318,2994,25659
319,2994,27370
320,2993,26943
321,2993,27370
322,2994,27798
323,3849,53457
324,3848,46614
325,3421,52174
326,2994,32074
327,3421,29936
328,2994,45331
329,4704,53457
330,2994,56451
331,2994,50463
332,4276,56451
333,3421,108196
334,2994,50891
335,3422,26943
336,2993,26087
337,2994,26515
338,2994,26086
339,2994,26087
340,2994,27370
341,2994,26087
342,2994,26942
343,2994,26942
344,2993,27798
345,3422,27370
346,2994,26514
347,2994,26515
348,2994,27798
349,2994,26943
350,2994,44476
351,2994,31646
352,2993,29081
353,2994,27370
354,2993,26514
355,3421,25660
356,2994,29936
357,3422,28225
358,2994,28225
359,3421,28653
360,2994,30791
361,2993,26943
362,2994,26942
363,2993,28653
364,2994,30363
365,2994,28225
366,2993,29081
367,2993,45332
368,3422,30363
369,3422,30363
370,3421,30364
371,3421,30363
372,3421,30791
373,2993,30791
374,2993,34640
375,3422,30791
376,2994,30791
377,2993,30791
378,3421,30791
379,2994,30791
380,3421,30364
381,2993,34212
382,2994,31218
383,2994,31219
384,2994,43193
385,2994,31646
386,3421,31646
387,2993,31647
388,2993,31647
389,3421,32074
390,3421,32074
391,3421,32074
392,3422,32074
393,3421,33785
394,3421,33784
395,3421,32501
396,3422,32929
397,2993,32502
398,3422,32502
399,3421,32929
400,3421,32929
401,3421,44049
402,3421,32929
403,3421,32930
404,3421,33357
405,4705,31646
406,3421,33357
407,3421,34640
408,3421,33357
409,3421,33785
410,3421,33784
411,2993,33785
412,3849,33785
413,3422,34212
414,3421,32502
415,3422,34212
416,3421,34213
417,3421,33357
418,3422,35068
419,3849,48752
420,3421,34640
421,3421,34640
422,3849,34640
423,3849,34640
424,3849,34640
425,3849,34640
426,3849,35067
427,3849,35068
428,3849,35068
429,3421,35068
430,3849,36779
431,3849,35495
432,3849,62010
433,3849,37633
434,3848,37634
435,3848,37206
436,3849,55167
437,3849,38489
438,3421,38916
439,3849,38489
440,3849,39344
441,3849,40627
442,3849,39345
443,3849,38061
444,3849,38917
445,3849,38061
446,3848,39772
447,4277,40200
448,3849,40627
449,3849,40199
450,4277,41910
451,4276,41055
452,4276,65004
453,4277,55595
454,4276,41483
455,4276,42338
456,4704,41910
457,4277,42765
458,4277,42337
459,4277,42338
460,3849,42338
461,3849,41482
462,3849,41483
463,4276,34213
464,3849,35067
465,3849,40627
466,4277,41055
467,3849,40628
468,3848,42766
469,4704,38061
470,3849,50464
471,3849,42765
472,3849,43193
473,4276,43193
474,3848,41483
475,3849,40200
476,3849,40627
477,4277,40627
478,3849,41055
479,4277,40628
480,4276,44049
481,3849,42338
482,4276,44048
483,3849,41910
484,4277,44904
485,4277,43621
486,3849,43621
487,4276,56878
488,3849,41482
489,3849,41910
490,3849,41910
491,3849,41910
492,4277,41483
493,3848,42766
494,4276,46186
495,3849,43193
496,4276,47898
497,3849,43621
498,3849,44903
499,4277,42765
500,4276,43193
501,4277,44048
502,4276,43620
503,4277,44049
504,4276,56023
505,3849,63293
506,4276,41911
507,3849,41483
508,4276,41483
509,4277,41483
510,3849,41910
511,4276,41911
512,3849,41910
513,4276,40627
514,4276,46186
515,5987,38489
516,4276,38062
517,4277,38061
518,4276,39344
519,4277,38916
520,4277,41910
521,4277,64575
522,4704,41055
523,4277,39344
524,4277,42765
525,4276,44903
526,4704,43193
527,4277,42765
528,4276,43193
529,4277,42766
530,4277,43621
531,4276,43193
532,4276,43620
533,4277,43621
534,4277,45331
535,4276,43193
536,4704,43621
537,4704,42766
538,4277,64148
539,4277,48324
540,4705,41055
541,4704,44048
542,4277,44476
543,4705,43621
544,4704,46614
545,4277,44048
546,4277,44476
547,4276,44904
548,4704,44904
549,4277,44903
550,4277,45332
551,4277,48752
552,4277,44904
553,4704,44903
554,4277,45331
555,4277,59016
556,4704,45759
557,4277,45331
558,6415,45759
559,4277,45760
560,4704,45760
561,4705,45759
562,4277,45331
563,4704,45759
564,4277,42765
565,4704,46614
566,4276,46614
567,4704,46187
568,4704,46614
569,4276,46615
570,4277,46614
571,4277,46614
572,4705,55167
573,4704,43621
574,4705,47042
575,5132,52174
576,5132,47897
577,4705,44476
578,4704,44476
579,4704,52174
580,5132,52174
581,4704,47469
582,4704,47042
583,4704,47469
584,4704,47898
585,4704,53457
586,4704,53885
587,5132,52602
588,5132,49181
589,4705,71845
590,4704,55168
591,4704,54312
592,5132,55168
593,4704,50463
594,4704,56451
595,5132,52601
596,4704,46187
597,5131,47898
598,4704,44904
599,4704,45759
600,4704,45332
601,5132,44904
602,4704,46187
603,4704,46615
604,4704,47898
605,4705,47042
606,4704,64576
607,5132,51746
608,5132,49180
609,6842,47042
610,4704,48325
611,4704,47469
612,5132,51746
613,4705,50464
614,5132,45331
615,5131,47897
616,5132,50463
617,4704,50463
618,5132,51319
619,5131,48325
620,5132,51318
621,4704,49180
622,5132,67142
623,5132,66286
624,5132,51319
625,5132,97078
626,5132,51319
627,5132,50035
628,5132,51318
629,5131,49181
630,5132,53029
631,4704,52601
632,5131,48753
633,5132,52174
634,5132,51746
635,4704,51746
636,5132,52174
637,5132,52174
638,5132,52174
639,5132,50891
640,5132,69708
641,5132,52601
642,5560,52174
643,5132,52602
644,5132,52601
645,4704,52602
646,5132,52601
647,5131,52601
648,5132,48753
649,5132,50891
650,4704,49608
651,5132,50891
652,5132,49608
653,5132,50463
654,5131,51319
655,5132,51319
656,5132,57305
657,5132,67997
658,5132,53885
659,5559,53885
660,5560,53885
661,5132,53884
662,5131,53885
663,5132,53884
664,5132,54312
665,5560,54312
666,5132,54313
667,5132,50463
668,5132,54312
669,5559,54739
670,5131,53885
671,5132,54740
672,5132,54740
673,5132,54740
674,5131,54740
675,5559,66286
676,5132,55168
677,5132,54312
678,5559,57306
679,5560,59016
680,5559,55595
681,5132,55595
682,5131,55168
683,5560,56023
684,5559,55595
685,5560,55595
686,5132,53029
687,5560,56023
688,5560,56450
689,5559,56450
690,5559,56451
691,5560,56023
692,5560,67142
693,5132,56023
694,5559,56450
695,5987,56450
696,5559,56878
697,5559,67997
698,5988,72273
699,5987,56451
700,5560,59872
701,5987,61582
702,6415,61582
703,5987,114183
704,10264,61582
705,5560,57305
706,5559,55167
707,5559,56023
708,5560,59016
709,5560,69280
710,5987,55168
711,6414,113329
712,5560,61583
713,8126,61582
714,5987,61154
715,5560,59444
716,5987,57306
717,5560,61582
718,5987,61582
719,5987,61155
720,5559,64576
721,5559,62438
722,5559,69280
723,5987,62865
724,5987,84676
725,5987,58588
726,5560,75695
727,6415,66714
728,61154,312188
729,5987,180471
730,5988,239914
731,6415,120171
732,5987,65859
733,5987,63721
734,5987,62010
735,5987,67570
736,5987,67997
737,5987,68425
738,5988,198004
739,5987,68853
740,5987,62437
741,5987,62438
742,6415,64149
743,5987,82109
744,5560,59872
745,6414,111190
746,5987,69708
747,5987,65859
748,5987,69280
749,5987,68853
750,5988,58589
751,5987,62437
752,5987,63721
753,6415,59444
754,5987,55168
755,5987,62438
756,5559,56023
757,5987,61582
758,5987,59444
759,6415,67997
760,5559,79971
761,5988,67997
762,6414,57305
763,5987,65431
764,5987,58589
765,6415,72274
766,5988,70563
767,5987,62865
768,6414,59016
769,5987,59017
770,5987,61582
771,6415,73129
772,6415,71846
773,5987,71418
774,5987,71846
775,5987,71846
776,6415,63292
777,5988,94511
778,6415,71418
779,6415,64148
780,5987,64148
781,5987,70563
782,5987,72702
783,6415,69280
784,6415,71418
785,6415,72701
786,6415,73129
787,6415,73129
788,6414,73557
789,6415,75267
790,6414,70990
791,5987,65859
792,6415,66714
793,8553,69280
794,6415,83820
795,6415,66286
796,6415,67569
797,7698,68425
798,6415,70991
799,5987,71419
800,6415,67570
801,6415,67997
802,6842,71419
803,5987,67569
804,6415,74840
805,6414,74840
806,6415,74412
807,5988,75267
808,6415,74840
809,6415,76123
810,6415,75267
811,6415,92374
812,6415,67569
813,6415,72701
814,6415,75267
815,6415,79543
816,6414,70563
817,6415,75694
818,6415,76122
819,6415,76122
820,6414,79116
821,6415,76977
822,6415,76122
823,6415,76550
824,6415,76122
825,6415,68852
826,6842,69708
827,6415,74411
828,8981,85958
829,6843,64576
830,6415,67142
831,6415,65858
832,6415,65431
833,6415,65432
834,22239,108624
835,6842,67997
836,6843,70563
837,6842,69280
838,6842,65431
839,6843,104775
840,6842,200570
841,6842,74839
842,6843,72273
843,6842,70563
844,6415,65859
845,6843,88524
846,6415,66286
847,6842,68852
848,6842,67570
849,6843,67142
850,6843,81254
851,6843,101782
852,6415,67142
853,6415,67997
854,6842,68853
855,6842,68852
856,6842,65431
857,6842,65004
858,6415,67142
859,6843,65004
860,6842,64576
861,6415,65003
862,6843,79971
863,6415,65003
864,6415,65431
865,6843,65003
866,6415,64576
867,8553,64148
868,6842,65859
869,6415,65003
870,6842,67997
871,6842,76122
872,6843,76550
873,6843,70135
874,6843,70990
875,6843,71846
876,6843,70563
877,6843,70991
878,7270,70563
879,6842,83820
880,6843,70991
881,6842,70135
882,6842,70135
883,6843,76978
884,6842,70135
885,6842,68853
886,6842,70135
887,6415,70991
888,6843,70563
889,6842,67997
890,6842,68853
891,6843,73557
892,7271,69280
893,6842,71418
894,6842,69708
895,7270,69708
896,7270,84675
897,6843,70563
898,6842,71846
899,7271,72273
900,6843,71418
901,7271,71418
902,7270,69280
903,6842,71419
904,6843,70563
905,7270,70136
906,6843,70135
907,6842,73557
908,6843,91091
909,6842,73129
910,6842,71846
911,7271,72701
912,6842,73984
913,6842,85531
914,6843,69280
915,7270,72274
916,6843,216393
917,7270,74839
918,6842,74840
919,7270,74839
920,6842,74840
921,6843,84248
922,6842,74840
923,7271,75695
924,7270,75267
925,7270,74839
926,6843,75267
927,6843,75267
928,7270,124019
929,7270,76122
930,7270,76123
931,14968,94511
932,7270,73556
933,6842,75267
934,7271,74839
935,7270,73557
936,7698,108197
937,7270,76550
938,7697,80399
939,7270,78261
940,7271,72273
941,7270,130863
942,7698,87241
943,7698,85103
944,7271,87241
945,7270,84676
946,7271,87242
947,7270,88524
948,7270,109907
949,7698,75695
950,7270,79116
951,7270,82537
952,7270,79544
953,7270,82537
954,7698,131290
955,7270,85531
956,7698,86386
957,7698,82537
958,7698,82965
959,7698,82965
960,7697,75695
961,7698,98788
962,7698,83393
963,7697,83820
964,7697,83820
965,7698,100071
966,7698,83393
967,6843,78688
968,8125,89380
969,8125,86813
970,8125,84248
971,7698,84248
972,7698,88096
973,7698,84248
974,7270,80827
975,7698,83820
976,7698,84676
977,8126,84675
978,7698,87242
979,7698,84675
980,7698,85531
981,7270,118888
982,8125,109907
983,8125,85104
984,8126,85103
985,8126,85531
986,7698,89379
987,8125,78261
988,8125,85959
989,8126,85958
990,7698,85958
991,8125,85959
992,8125,85959
993,8126,84248
994,7698,367783
995,7698,91945
996,7697,96223
997,8125,91518
998,7697,91946
999,8126,112901
1000,8125,95795
1001,8126,91945
1002,7698,92801
1003,7698,91946
1004,7698,92801
1005,8125,94940
1006,7698,85531
1007,8125,81255
1008,7698,87669
1009,7698,84675
1010,9409,90663
1011,8125,90663
1012,10264,91518
1013,8126,94084
1014,8126,91945
1015,7697,91518
1016,8553,108197
1017,8553,92373
1018,8126,95367
1019,8125,92801
1020,8126,92801
1021,8125,93229
1022,8125,92801
1023,7697,97078
1024,8553,93228
1025,8126,90662
1026,8125,88952
1027,7697,87242
1028,7697,88524
1029,7698,92801
1030,8126,89379
1031,7697,88953
1032,7698,87669
1033,8125,104348
1034,7698,90235
1035,7698,91518
1036,7698,92801
1037,8126,89807
1038,8125,89380
1039,8125,86386
1040,8126,88097
1041,7698,93656
1042,7698,92374
1043,7697,91518
1044,8125,92801
1045,8126,92374
1046,8125,90235
1047,8125,112473
1048,8553,87669
1049,8125,85103
1050,8554,100499
1051,7698,86814
1052,8125,85104
1053,8125,86814
1054,8126,85530
1055,8125,88953
1056,8126,90235
1057,7698,88952
1058,8125,86386
1059,7698,86386
1060,8126,86386
1061,8126,86386
1062,8553,86386
1063,10691,87242
1064,8553,86814
1065,7698,86814
1066,8553,86814
1067,8553,101782
1068,8125,87241
1069,8125,87241
1070,7697,87669
1071,8125,87669
1072,8126,87241
1073,8125,87669
1074,8553,87669
1075,8126,87669
1076,8553,88097
1077,8125,89807
1078,8554,87669
1079,8554,88097
1080,8553,88096
1081,8125,88097
1082,8126,88097
1083,8126,88097
1084,8553,101782
1085,8125,88525
1086,8126,89380
1087,7698,93229
1088,8553,88525
1089,8553,88953
1090,8553,88953
1091,9836,88952
1092,8553,88952
1093,8125,89380
1094,8553,89807
1095,8553,89380
1096,8126,89807
1097,8126,89808
1098,8553,89808
1099,8981,90235
1100,8553,89808
1101,8553,105631
1102,8126,89808
1103,7698,90235
1104,8553,90235
1105,8553,90235
1106,8125,89808
1107,8980,90662
1108,8553,90235
1109,8553,90663
1110,8553,90663
1111,8553,93228
1112,11119,100499
1113,8553,95367
1114,8126,96650
1115,8553,97078
1116,8553,94084
1117,8553,154383
1118,8126,112901
1119,8126,99643
1120,8553,100072
1121,8553,102210
1122,9836,101782
1123,8554,424233
1124,8553,91946
1125,8553,91946
1126,8553,92373
1127,8553,95367
1128,8553,92373
1129,8553,91945
1130,8553,91945
1131,8553,96223
1132,8553,91518
1133,8980,92373
1134,8553,94940
1135,8554,107769
1136,8554,92801
1137,8553,96650
1138,8553,92801
1139,8553,92801
1140,8553,92801
1141,8981,96650
1142,8981,93229
1143,8553,93229
1144,8981,93229
1145,8981,93229
1146,8553,93229
1147,8553,95795
1148,8553,97078
1149,8553,93656
1150,8553,94084
1151,8553,93656
1152,10264,106486
1153,8553,94084
1154,8981,97505
1155,8980,94939
1156,8981,94939
1157,8553,94512
1158,8553,94512
1159,8981,94512
1160,8981,97078
1161,8553,117605
1162,9836,97933
1163,8553,95367
1164,8553,97933
1165,8980,98788
1166,8981,96650
1167,8554,96222
1168,8981,98361
1169,8981,116750
1170,8981,100498
1171,8980,110763
1172,8981,109907
1173,8981,109480
1174,8980,108625
1175,8981,97505
1176,8981,104348
1177,9409,2341408
1178,9409,103065
1179,9409,101782
1180,8981,100499
1181,8981,101354
1182,8981,97505
1183,9408,97505
1184,9408,97078
1185,8981,96650
1186,8981,97505
1187,11119,116322
1188,8981,97078
1189,9409,97933
1190,9409,97505
1191,8981,97505
1192,9408,101781
1193,13685,220670
1194,9409,108625
1195,9408,112046
1196,8981,107341
1197,9409,109052
1198,9409,110762
1199,9409,108197
1200,9408,109052
1201,9409,108624
1202,9409,109908
1203,9408,109052
1204,11547,148396
1205,9408,114184
1206,9408,110335
1207,9408,109479
1208,9408,108624
1209,9408,112046
1210,9408,113329
1211,8981,109052
1212,9409,108625
1213,9408,110335
1214,9408,110335
1215,9409,112473
1216,9408,109052
1217,9409,114183
1218,9836,110334
1219,9408,111190
1220,9836,111190
1221,9408,121454
1222,8980,96650
1223,8980,97505
1224,8980,101355
1225,8981,93229
1226,9408,101782
1227,9408,100499
1228,9408,95367
1229,8981,106913
1230,9408,98788
1231,9408,103493
1232,9408,102209
1233,9408,102637
1234,9408,131718
1235,8981,135566
1236,9409,104775
1237,9408,111618
1238,9409,133428
1239,9408,100071
1240,9409,100926
1241,9409,106058
1242,9408,109908
1243,9836,109907
1244,9836,116322
1245,9836,114612
1246,9836,110335
1247,9836,144975
1248,9409,144975
1249,9408,140271
1250,9837,147969
1251,9836,145830
1252,9836,120598
1253,9408,139415
1254,9836,138988
1255,9408,129151
1256,9836,100927
1257,12402,125730
1258,14541,181325
1259,10264,195866
1260,9408,298931
1261,9836,121027
1262,9409,134711
1263,9408,114184
1264,9409,648752
1265,178332,109907
1266,9836,108624
1267,9409,108624
1268,9836,108196
1269,9408,104776
1270,9408,108197
1271,9408,104775
1272,9836,122309
1273,9836,104776
1274,9836,105203
1275,9836,104348
1276,9836,107342
1277,9836,105203
1278,9836,103920
1279,9408,104775
1280,9836,104775
1281,9836,105203
1282,9836,104775
1283,9836,105630
1284,9836,105203
1285,10263,105203
1286,9836,105203
1287,9836,105631
1288,9836,106486
1289,9836,311333
1290,9836,106914
1291,9837,106058
1292,9409,106058
1293,9836,109479
1294,9836,106058
1295,9836,106059
1296,9836,106486
1297,9836,106059
1298,9836,106914
1299,9836,109052
1300,9836,106486
1301,9409,106486
1302,9836,106486
1303,9836,106914
1304,9409,106913
1305,9836,109052
1306,10691,125303
1307,9836,113328
1308,9836,107341
1309,9836,108197
1310,9836,157376
1311,10264,104347
1312,9836,106058
1313,9836,107341
1314,10264,108196
1315,10263,516606
1316,9836,112901
1317,10263,108196
1318,10263,109052
1319,10264,112045
1320,9836,108196
1321,10264,108625
1322,10264,109052
1323,9836,126586
1324,10264,108624
1325,10263,112045
1326,9836,109052
1327,10264,108624
1328,9837,109052
1329,9836,109479
1330,9836,109052
1331,10264,111618
1332,9836,109480
1333,9836,110335
1334,10264,109907
1335,9836,109907
1336,9836,109907
1337,9837,112901
1338,9836,114611
1339,10264,144119
1340,10692,151818
1341,9837,135994
1342,10264,138132
1343,9836,110335
1344,10264,109907
1345,10263,110335
1346,10264,110335
1347,9836,110335
1348,9836,113328
1349,10264,110762
1350,10263,110762
1351,9836,111618
1352,9836,110762
1353,10264,110762
1354,10264,4142262
1355,20527,138133
1356,12829,134711
1357,15823,178760
1358,10264,138560
1359,17106,153528
1360,10263,114183
1361,10691,125730
1362,9836,103065
1363,10264,113756
1364,9836,117605
1365,9836,117178
1366,9836,116750
1367,9836,115039
1368,9837,112473
1369,9836,119315
1370,9836,113756
1371,10263,313471
1372,10264,109480
1373,9836,116749
1374,11546,130862
1375,10264,112473
1376,10692,116323
1377,11119,114611
1378,10263,111190
1379,10691,120599
1380,10692,163364
1381,10691,117177
1382,10691,118888
1383,10692,174483
1384,10691,122737
1385,10692,121026
1386,10692,126586
1387,10264,107341
1388,12402,110762
1389,10264,118888
1390,10692,120171
1391,10692,144547
1392,10692,116749
1393,11119,131290
1394,10264,124876
1395,10691,115039
1396,10264,1398430
1397,10691,115467
1398,10263,124448
1399,10691,125731
1400,10263,116750
1401,11119,121454
1402,11119,126586
1403,10692,126585
1404,10264,178332
1405,10692,131290
1406,10691,130862
1407,10692,130007
1408,10691,146258
1409,11119,171917
1410,11974,122309
1411,10692,121454
1412,10691,128297
1413,10692,173201
1414,11119,118032
1415,10691,118460
1416,11119,118461
1417,10692,118888
1418,10692,119316
1419,10691,122737
1420,11119,118888
1421,10691,118033
1422,10692,122737
1423,10264,115466
1424,10691,112046
1425,10692,163791
1426,10691,124876
1427,10691,120599
1428,10691,120171
1429,10691,121026
1430,10692,384462
1431,11120,121026
1432,10691,120171
1433,10692,126586
1434,11119,124875
1435,10691,125303
1436,11119,120171
1437,10691,124020
1438,11119,127442
1439,11119,133856
1440,11119,133856
1441,10691,132573
1442,10691,115895
1443,11119,141126
1444,11119,128724
1445,10692,135138
1446,11119,134284
1447,10691,175766
1448,11120,135567
1449,11119,120599
1450,11119,130007
1451,11119,124448
1452,11119,189879
1453,11974,128724
1454,11546,121027
1455,11547,114611
1456,11119,113329
1457,10691,115895
1458,11119,112045
1459,11119,115039
1460,11119,139416
1461,10692,122736
1462,12830,113328
1463,10692,112901
1464,11546,117178
1465,10692,117177
1466,11974,156094
1467,10691,121454
1468,11119,133001
1469,11119,114612
1470,10263,121027
1471,10264,120598
1472,11119,1092230
1473,11119,120171
1474,11119,123164
1475,11119,124447
1476,11119,124875
1477,14113,165074
1478,11119,123164
1479,11119,121882
1480,11119,122310
1481,11119,122309
1482,11546,122309
1483,127869,269850
1484,11547,129151
1485,11547,126158
1486,49180,161654
1487,11119,127013
1488,11546,160798
1489,11119,277548
1490,11546,145403
1491,11547,123164
1492,11119,123164
1493,11546,123592
1494,11547,146686
1495,11546,122736
1496,11119,123165
1497,11119,123592
1498,11546,280113
1499,11547,131290
1500,11547,129151
1501,11547,135139
1502,11547,131290
1503,11547,242052
1504,11546,209979
1505,11547,129580
1506,11546,129152
1507,11119,127869
1508,11119,153528
1509,11547,125303
1510,11119,124020
1511,11547,141126
1512,11119,25108881
1513,11974,229651
1514,11975,134283
1515,12402,126158
1516,11547,127441
1517,11547,133000
1518,11119,126586
1519,11546,137705
1520,11546,140699
1521,11547,144120
1522,11547,131717
1523,11546,122737
1524,11119,121881
1525,11546,130435
1526,11975,130007
1527,11547,122736
1528,11546,151818
1529,11547,130435
1530,11546,137278
1531,11547,133428
1532,11119,126586
1533,11119,121454
1534,11119,155666
1535,11547,213827
1536,11975,138987
1537,11547,125302
1538,11547,126158
1539,11547,403278
1540,11546,127441
1541,11975,135566
1542,12402,130007
1543,11974,124020
1544,11975,195438
1545,11119,151817
1546,11547,129152
1547,11547,144975
1548,11547,143264
1549,11547,139415
1550,11547,128296
1551,11975,134711
1552,11547,135139
1553,11974,139843
1554,11974,145403
1555,11547,135567
1556,11974,130862
1557,14113,129580
1558,11547,128297
1559,11547,128296
1560,11547,129579
1561,11547,128296
1562,11546,148824
1563,11547,129152
1564,11974,130435
1565,11974,129579
1566,11975,129151
1567,12402,132145
1568,11974,129152
1569,11975,128724
1570,11547,128724
1571,11975,129151
1572,12402,129152
1573,11974,129151
1574,11974,135994
1575,12402,159087
1576,11975,151817
1577,11975,161226
1578,11974,392587
1579,11546,154384
1580,12402,141126
1581,11974,418247
1582,11974,132573
1583,11975,131718
1584,11974,128724
1585,11975,130862
1586,11974,130862
1587,11974,134711
1588,12402,131290
1589,11975,130435
1590,11974,131718
1591,11974,153100
1592,12402,215965
1593,12402,287384
1594,12402,238203
1595,12402,220242
1596,12402,285245
1597,12402,217248
1598,13258,223663
1599,11975,218959
1600,12402,223236
1601,13257,228367
1602,12402,221952
1603,13258,221525
1604,12830,225374
1605,12402,222808
1606,12830,226657
1607,12402,212544
1608,12402,441767
1609,11974,257448
1610,12402,234782
1611,12830,218532
1612,15823,280541
1613,12402,330577
1614,12402,251033
1615,11547,230078
1616,11546,265574
1617,11974,200998
1618,15396,148823
1619,13258,250606
1620,11974,244191
1621,12402,255737
1622,12830,251460
1623,12402,260014
1624,13258,248895
1625,12402,230506
1626,12402,230934
1627,12830,250606
1628,12402,232644
1629,11974,238203
1630,13257,286956
1631,12830,225801
1632,12402,234783
1633,11975,228368
1634,11975,226229
1635,12402,5438483
1636,12829,463578
1637,12830,374197
1638,12402,241625
1639,13685,229650
1640,12402,160798
1641,12402,150534
1642,12402,371632
1643,12402,217677
1644,11975,334426
1645,11546,216821
1646,11547,246756
1647,11974,1208552
1648,12402,302352
1649,12830,276265
1650,12402,274982
1651,12402,263862
1652,12402,241197
1653,12829,236493
1654,12402,437063
1655,12402,322879
1656,12830,295509
1657,12402,268139
1658,13257,162509
1659,11975,172344
1660,11974,147541
1661,12402,146258
1662,12402,156950
1663,12402,147969
1664,11974,181326
1665,12829,142837
1666,12830,141981
1667,12830,144119
1668,12402,137705
1669,12830,147541
1670,12402,497790
1671,12402,148824
1672,64576,150107
1673,12402,148824
1674,11975,171489
1675,12402,152245
1676,11975,444333
1677,12830,157377
1678,12402,153528
1679,12402,154384
1680,12402,154383
1681,12402,176621
1682,12829,141126
1683,12402,151390
1684,12402,154383
1685,12402,154384
1686,12830,157805
1687,12402,150962
1688,12829,148396
1689,11974,147969
1690,11975,147540
1691,12402,150962
1692,12402,145831
1693,12402,145830
1694,12401,152245
1695,12402,149251
1696,12829,140698
1697,12402,145831
1698,12402,144119
1699,12402,169779
1700,12402,154811
1701,12402,150962
1702,12402,157804
1703,12402,151390
1704,12402,151390
1705,12402,150107
1706,12402,156094
1707,12402,153956
1708,12830,154811
1709,12402,155666
1710,12402,152673
1711,12402,156094
1712,12402,153528
1713,12830,156521
1714,12830,159515
1715,12830,161653
1716,12830,174911
1717,12830,153956
1718,12829,158232
1719,12402,155667
1720,12829,154811
1721,12402,151390
1722,12402,146685
1723,12829,146685
1724,13258,140698
1725,12402,142409
1726,12830,133856
1727,12830,133428
1728,12830,140270
1729,12829,155667
1730,12829,145830
1731,13257,143692
1732,13257,157377
1733,12830,166785
1734,12830,174055
1735,13685,180898
1736,12830,203564
1737,13258,192872
1738,12829,169779
1739,13257,147113
1740,13685,158659
1741,13685,157804
1742,12830,160798
1743,13258,163364
1744,12830,160798
1745,14968,147968
1746,13257,156521
1747,13258,146257
1748,12829,154383
1749,12830,156521
1750,13257,189879
1751,12830,162509
1752,13685,145830
1753,13257,159515
1754,13257,154811
1755,13258,162508
1756,12830,162936
1757,12829,147541
1758,13685,157804
1759,13257,208695
1760,13257,162509
1761,13257,159088
1762,13257,147113
1763,14968,404562
1764,13257,159515
1765,13258,162509
1766,13685,148824
1767,13257,180042
1768,13257,148396
1769,13257,165074
1770,13257,162937
1771,13257,149251
1772,13685,150107
1773,13257,156094
1774,12830,191162
1775,13685,163791
1776,13257,163792
1777,13257,149251
1778,13257,156950
1779,13258,150107
1780,12830,162081
1781,13257,144547
1782,13257,164647
1783,13257,165075
1784,13258,183464
1785,13258,146258
1786,12829,150962
1787,13685,156949
1788,13685,162081
1789,13257,164647
1790,13258,165502
1791,13257,165930
1792,13685,179187
1793,13685,157376
1794,13685,150962
1795,13685,163364
1796,13257,147969
1797,13257,148396
1798,13685,149252
1799,13257,152672
1800,13257,160799
1801,13257,159942
1802,13685,262153
1803,13257,138560
1804,13685,142837
1805,14968,192444
1806,13257,153100
1807,13257,153528
1808,13685,168924
1809,13684,195866
1810,13257,150962
1811,13685,163791
1812,14113,209978
1813,14112,160798
1814,13257,264291
1815,13257,143264
1816,13257,141554
1817,13685,143692
1818,13257,175339
1819,13685,343834
1820,14112,150962
1821,22666,195010
1822,13257,140698
1823,13257,242480
1824,111618,142837
1825,13685,220243
1826,13685,186458
1827,14113,186030
1828,13685,147968
1829,13685,164219
1830,13257,154811
1831,13685,153101
1832,14113,181325
1833,13685,159515
1834,13685,163364
1835,13685,206557
1836,13258,308339
1837,35068,143692
1838,13257,164647
1839,13685,170634
1840,13685,164647
1841,14112,149680
1842,13685,158232
1843,13257,157804
1844,13685,169351
1845,13685,161226
1846,13685,156521
1847,14113,152245
1848,14113,165502
1849,14113,174055
1850,14113,173200
1851,13685,159515
1852,13685,188595
1853,13685,159515
1854,14540,161226
1855,14112,164220
1856,13685,171917
1857,14113,174911
1858,13685,170634
1859,13685,155238
1860,14112,164647
1861,14113,162936
1862,13685,167640
1863,14113,173200
1864,13684,170635
1865,14113,159943
1866,14112,165930
1867,14112,159943
1868,13685,156949
1869,14540,199714
1870,14113,173200
1871,13685,168923
1872,14113,153100
1873,13685,159088
1874,14112,162081
1875,14113,174056
1876,14112,175766
1877,14113,174484
1878,14113,162509
1879,14113,165502
1880,13257,165075
1881,13685,158660
1882,14112,166785
1883,14112,156094
1884,14112,155239
1885,14112,156522
1886,13685,180470
1887,14112,161226
1888,14113,156094
1889,14113,155666
1890,13258,1391587
1891,14112,242053
1892,14113,165074
1893,14113,220669
1894,14112,163364
1895,14113,210834
1896,14540,165502
1897,14113,196294
1898,14112,170634
1899,14540,165502
1900,14113,164647
1901,14112,168069
1902,13257,171489
1903,14113,482394
1904,14968,159087
1905,14968,161654
1906,14112,159943
1907,14540,173200
1908,14113,169778
1909,14112,166785
1910,14540,156949
1911,14968,169779
1912,14968,168068
1913,14113,169779
1914,14968,157805
1915,14540,161653
1916,14112,168496
1917,14112,168924
1918,14540,171062
1919,14540,167640
1920,14968,174911
1921,14968,160798
1922,14968,165503
1923,14541,168496
1924,14540,171489
1925,14540,171917
1926,14113,170634
1927,14540,163364
1928,14112,165075
1929,14540,165075
1930,17961,161226
1931,14541,167213
1932,14968,164219
1933,14540,175766
1934,14113,172773
1935,14540,165502
1936,14968,170634
1937,14540,179615
1938,14968,160798
1939,14540,165075
1940,14541,159942
1941,14968,158232
1942,14540,165075
1943,14112,165503
1944,14540,164647
1945,14113,171489
1946,14540,173200
1947,14540,180470
1948,14541,167640
1949,16678,171062
1950,14540,182608
1951,14541,179188
1952,14540,168069
1953,17107,160370
1954,14968,168496
1955,14540,184747
1956,17534,173628
1957,14541,174483
1958,14112,168069
1959,14541,163791
1960,14540,176621
1961,15396,171918
1962,14540,174055
1963,14968,168496
1964,14967,166786
1965,14968,167640
1966,14968,176193
1967,14540,179188
1968,14541,174910
1969,14540,166786
1970,14968,166358
1971,14968,172772
1972,17534,184319
1973,14968,177049
1974,14540,176194
1975,14540,168068
1976,14968,166357
1977,14968,170634
1978,14968,166785
1979,15823,164647
1980,15395,174483
1981,14968,167641
1982,14968,176622
1983,14968,165075
1984,14541,172344
1985,14968,184747
1986,14540,183036
1987,15395,172772
1988,14968,173628
1989,14968,197576
1990,14968,172772
1991,14968,174055
1992,14541,172773
1993,14540,186030
1994,14968,171062
1995,15396,179615
1996,14968,168496
1997,16251,174910
1998,14968,167213
1999,15396,181753
2000,15395,186885
2001,14968,187740
2002,14968,186029
2003,14968,172344
2004,15396,183891
2005,14968,168496
2006,16678,195438
2007,14540,183463
2008,14968,166357
2009,14968,166786
2010,14541,171489
2011,14968,168068
2012,15396,170206
2013,15396,166786
2014,14968,170634
2015,14968,165930
2016,16679,167640
2017,14968,170207
2018,15396,166785
2019,14967,167213
2020,14968,327156
2021,14968,588453
2022,14540,179615
2023,14968,199714
2024,14968,179615
2025,14968,179615
2026,14968,178332
2027,14540,183892
2028,14540,186030
2029,14540,180470
2030,14968,182608
2031,14968,177904
2032,14968,184319
2033,14540,162509
2034,14540,185174
2035,14968,185175
2036,14968,180897
2037,14968,187741
2038,14541,182608
2039,14967,183892
2040,14968,201426
2041,14968,184747
2042,14968,187740
2043,14968,183036
2044,15396,183892
2045,14968,184320
2046,15395,187312
2047,14968,183464
2048,15396,186458
2049,14968,183892
2050,14967,182181
2051,14540,183036
2052,18389,182609
2053,15396,185602
2054,14968,183036
2055,14968,183892
2056,15395,182609
2057,14968,195865
2058,14968,181326
2059,14540,183036
2060,14968,181753
2061,14968,182609
2062,14968,182181
2063,14968,185602
2064,15396,171917
2065,14968,171490
2066,15823,178332
2067,14968,193300
2068,15395,185603
2069,15823,182609
2070,15396,178760
2071,15396,183036
2072,15823,176194
2073,15823,187740
2074,15396,194155
2075,15823,183036
2076,15395,191590
2077,14968,195866
2078,15396,189023
2079,15823,184319
2080,15395,177904
2081,17107,182608
2082,15823,182181
2083,15823,180898
2084,15395,197577
2085,15823,180898
2086,15395,189879
2087,15396,194582
2088,15395,190306
2089,15823,187313
2090,15396,179187
2091,15824,202708
2092,15823,198004
2093,15396,190306
2094,15395,177049
2095,15823,182608
2096,15396,194155
2097,15396,189879
2098,15823,640199
2099,16251,787740
2100,15823,519172
2101,15395,252744
2102,14968,190734
2103,15396,193728
2104,14968,184319
2105,14968,186029
2106,15395,187313
2107,15396,191589
2108,15395,269423
2109,15824,205702
2110,15396,181325
2111,15396,189879
2112,14968,193728
2113,14968,183464
2114,15395,181326
2115,15396,190306
2116,15395,177905
2117,15395,193728
2118,15396,181326
2119,15396,185602
2120,17534,193300
2121,14968,192017
2122,15396,180470
2123,15396,192445
2124,15823,181325
2125,15824,198004
2126,16251,181753
2127,15824,178760
2128,15824,176621
2129,15823,189451
2130,15823,188596
2131,15823,176194
2132,15395,185175
2133,15823,178760
2134,15824,186029
2135,16251,194583
2136,15823,197577
2137,15823,178332
2138,16251,189023
2139,16679,572202
2140,16251,178332
2141,16251,179614
2142,15396,198859
2143,16250,177476
2144,15824,182608
2145,15823,180471
2146,14968,180898
2147,15823,173628
2148,15823,174484
2149,15823,261725
2150,15396,165930
2151,15823,216821
2152,15824,226657
2153,15823,177476
2154,15823,182181
2155,65004,219815
2156,17962,183464
2157,16251,178760
2158,16251,223236
2159,16251,197149
2160,15823,315609
2161,15823,178760
2162,60727,182608
2163,15824,179187
2164,14967,180471
2165,15823,591019
2166,15823,188595
2167,16251,184319
2168,16679,186885
2169,15823,200998
2170,16251,188596
2171,16251,235210
2172,16251,186885
2173,16251,189879
2174,16251,176621
2175,16679,189451
2176,16250,254882
2177,16251,198432
2178,16251,197576
2179,16678,200998
2180,15823,182609
2181,16250,190734
2182,16251,189451
2183,16678,194156
2184,16678,186885
2185,16250,191162
2186,16251,203563
2187,16250,204419
2188,16251,199287
2189,16678,189024
2190,16251,189451
2191,18817,190734
2192,16251,189451
2193,16250,219387
2194,16251,204847
2195,16250,183464
2196,17961,192017
2197,16678,203992
2198,16250,201425
2199,16679,189879
2200,16251,189878
2201,16251,195866
2202,16251,183464
2203,16251,183036
2204,18817,182181
2205,16251,182609
2206,16251,184747
2207,16251,183891
2208,15395,217249
2209,16251,185602
2210,16678,188596
2211,16678,200997
2212,16678,188168
2213,16679,185602
2214,16678,183037
2215,16678,184319
2216,16678,186885
2217,16679,186030
2218,15823,183892
2219,16251,183892
2220,16679,184319
2221,16679,186029
2222,16678,184319
2223,16679,183463
2224,16678,188596
2225,17106,186885
2226,16678,189023
2227,16679,184747
2228,16678,202281
2229,16678,185602
2230,16251,173200
2231,33785,222808
2232,15823,168924
2233,15824,325017
2234,65431,1616962
2235,16679,203563
2236,16679,195438
2237,16678,200142
2238,16678,197577
2239,16679,190734
2240,16678,187313
2241,16679,193300
2242,17106,191590
2243,16678,199287
2244,16679,195866
2245,16679,215966
2246,17106,185602
2247,16679,196721
2248,16679,196293
2249,16679,195010
2250,17107,196293
2251,17106,195438
2252,16251,201426
2253,17106,186885
2254,16678,193728
2255,17106,193300
2256,16679,182181
2257,15823,189879
2258,16678,199287
2259,16251,196721
2260,26199400,217677
2261,16679,206129
2262,16678,222808
2263,17106,186029
2264,17106,192872
2265,17106,189878
2266,19245,219387
2267,17107,191161
2268,17106,198432
2269,16678,214683
2270,16679,198431
2271,17106,197577
2272,16679,200997
2273,19245,209123
2274,17106,190306
2275,17106,203136
2276,16679,263007
2277,16679,196293
2278,17106,201853
2279,16251,218531
2280,17106,195866
2281,16679,198432
2282,17106,216393
2283,17106,193728
2284,17534,189451
2285,17107,189023
2286,17106,194583
2287,17107,236493
2288,16251,212544
2289,16679,194582
2290,16678,195866
2291,17106,196294
2292,16678,204419
2293,16679,198004
2294,19672,202708
2295,16679,200570
2296,16679,219387
2297,17106,202280
2298,16679,251461
2299,16679,197576
2300,17106,200570
2301,16679,207412
2302,16678,202281
2303,16679,198859
2304,17107,203563
2305,16679,209551
2306,16679,207412
2307,16678,195438
2308,16679,204419
2309,17106,208696
2310,17107,203563
2311,16251,200143
2312,17106,200997
2313,19244,217249
2314,16679,202708
2315,16679,209123
2316,17106,199715
2317,16678,201426
2318,17106,196722
2319,19672,200142
2320,17107,191161
2321,17534,196293
2322,17106,194583
2323,17534,192017
2324,17106,196293
2325,17106,192445
2326,17534,200998
2327,16679,192872
2328,17106,192017
2329,17106,193299
2330,17534,216393
2331,17106,192872
2332,17534,193299
2333,17106,195439
2334,17106,196293
2335,17106,192445
2336,17106,197577
2337,17534,193728
2338,17106,198432
2339,17106,193300
2340,17106,194155
2341,17106,197149
2342,17533,192872
2343,17534,197576
2344,17106,194155
2345,17107,193299
2346,17107,192872
2347,17534,213400
2348,17106,195010
2349,17106,200570
2350,17534,194582
2351,17534,195010
2352,17106,193728
2353,17534,198004
2354,17534,194155
2355,16679,194583
2356,17106,369066
2357,17534,220242
2358,17534,268140
2359,17533,237349
2360,17107,218959
2361,17533,266429
2362,17534,202708
2363,22238,204847
2364,17107,239487
2365,17534,218959
2366,16679,266001
2367,17534,209978
2368,17962,205702
2369,17106,2262720
2370,17962,206985
2371,17106,229650
2372,17106,228796
2373,17962,211261
2374,17961,219814
2375,17106,225374
2376,17533,207413
2377,17107,209550
2378,17106,206558
2379,17106,208695
2380,17106,209551
2381,17107,228367
2382,17533,227940
2383,17107,206129
2384,17534,209123
2385,17106,207840
2386,17106,207840
2387,17534,211261
2388,17534,208268
2389,17534,209123
2390,17534,206129
2391,17534,203992
2392,17961,245046
2393,17107,186885
2394,17534,181754
2395,17534,198004
2396,17962,200570
2397,17534,198431
2398,17962,219815
2399,17962,198859
2400,17534,199287
2401,17534,198004
2402,17962,198004
2403,18389,198005
2404,17534,200997
2405,17534,198860
2406,17534,199287
2407,17533,212117
2408,17962,218104
2409,17534,207840
2410,17962,203563
2411,17534,209123
2412,17106,205274
2413,17534,200142
2414,17961,202708
2415,17534,230934
2416,17533,211261
2417,17534,204419
2418,17534,212544
2419,17534,204846
2420,17962,210834
2421,17534,205274
2422,17534,215966
2423,18390,199715
2424,17533,200143
2425,17962,199714
2426,19672,205701
2427,17961,200997
2428,17962,200142
2429,17961,203563
2430,17961,201853
2431,17961,205702
2432,17533,219386
2433,17962,202708
2434,17961,201426
2435,17961,201853
2436,17961,201425
2437,17962,203991
2438,17962,201425
2439,18389,203136
2440,17962,201426
2441,17962,203991
2442,17961,202280
2443,18389,201852
2444,18390,224519
2445,18389,203563
2446,17961,202709
2447,18389,207840
2448,17106,206130
2449,17962,231789
2450,18389,203563
2451,18389,206557
2452,18389,202709
2453,18389,202280
2454,18389,204419
2455,17962,206130
2456,17962,202708
2457,18389,207412
2458,18389,203991
2459,18390,205702
2460,17961,203992
2461,18389,204419
2462,18389,204419
2463,17106,203564
2464,18389,207840
2465,18389,204846
2466,18390,207412
2467,17962,218532
2468,17962,204419
2469,18389,204846
2470,17961,207413
2471,17962,205702
2472,18389,205274
2473,18390,204846
2474,18389,205274
2475,18389,205274
2476,18390,205702
2477,17106,206557
2478,18389,205702
2479,18389,205702
2480,18389,206129
2481,18390,215965
2482,18389,220242
2483,18389,230506
2484,18389,254455
2485,18389,228795
2486,18389,233927
2487,17961,221098
2488,18389,215538
2489,18390,256166
2490,18389,205702
2491,18816,214255
2492,19672,208268
2493,18817,208268
2494,18390,211689
2495,18389,206557
2496,18389,206985
2497,18389,207840
2498,18390,207412
2499,18389,206557
2500,18817,207412
2501,18389,233072
2502,18389,207412
2503,17534,209978
2504,18389,207840
2505,18390,233928
2506,18389,234355
2507,18390,224091
2508,18817,209978
2509,21811,219387
2510,18389,231789
2511,18389,233499
2512,18389,232644
2513,18390,232644
2514,18389,231361
2515,18389,262580
2516,18389,257448
2517,18817,208268
2518,18390,255310
2519,18389,209123
2520,17534,264718
2521,18389,238204
2522,18389,209123
2523,18389,258731
2524,18389,214682
2525,18389,208695
2526,18389,213827
2527,18816,210406
2528,18389,234355
2529,18389,209978
2530,18817,256165
2531,18389,213400
2532,18389,209979
2533,18817,261724
2534,18389,209551
2535,18817,225374
2536,18817,209551
2537,18817,210406
2538,18817,266856
2539,18389,210406
2540,18390,257448
2541,18389,236493
2542,18816,210406
2543,18817,606414
2544,19244,212972
2545,19245,227940
2546,18816,218531
2547,19244,226230
2548,19673,231361
2549,18389,239059
2550,18817,261725
2551,18817,236065
2552,18817,251033
2553,18389,238204
2554,18817,239486
2555,18817,236065
2556,18817,217676
2557,19244,227085
2558,19244,232644
2559,18389,238203
2560,19245,216393
2561,19244,226229
2562,19245,242052
2563,18389,238204
2564,18817,238631
2565,18389,238203
2566,20527,215966
2567,19244,225802
2568,18817,239486
2569,18817,258303
2570,18817,237776
2571,18816,237776
2572,18817,221952
2573,19244,227512
2574,19245,239486
2575,19245,221097
2576,18817,213399
2577,18389,511902
2578,17962,221952
2579,18389,270706
2580,18389,225801
2581,18817,222808
2582,18389,273271
2583,18389,227940
2584,71846,227085
2585,18817,277548
2586,18389,248040
2587,18816,233072
2588,18817,277976
2589,18389,213400
2590,25659,210406
2591,18389,213828
2592,18389,271561
2593,18389,223664
2594,18389,231361
2595,18389,267712
2596,18389,4046467
2597,37633,210834
2598,18389,209551
2599,18390,236066
2600,18389,304490
2601,23093,449037
2602,19244,219387
2603,19244,239914
2604,17962,211689
2605,19244,215965
2606,19244,216821
2607,19672,219814
2608,18389,215966
2609,19244,244618
2610,19245,243335
2611,18816,240770
2612,19245,244618
2613,19245,252316
2614,18816,242481
2615,18817,248040
2616,19244,228795
2617,19245,230078
2618,19244,248040
2619,19244,243763
2620,19244,266001
2621,18817,247612
2622,19244,243335
2623,19244,245046
2624,19245,212972
2625,21810,216393
2626,18817,219815
2627,18816,216393
2628,19244,216393
2629,18817,215538
2630,18817,214682
2631,18817,217248
2632,20955,214682
2633,18817,219814
2634,18817,220242
2635,18817,227513
2636,19672,219387
2637,19672,242053
2638,19672,221525
2639,19672,224091
2640,19244,219387
2641,19672,220242
2642,19245,223235
2643,19673,220242
2644,19245,219387
2645,19244,219387
2646,19672,221097
2647,19673,220670
2648,20100,224091
2649,19673,222808
2650,18816,219815
2651,20100,219387
2652,20100,220242
2653,19672,220242
2654,19672,235210
2655,19672,221097
2656,20100,224091
2657,18389,220670
2658,20100,219814
2659,20100,227940
2660,19244,230934
2661,19672,233927
2662,19672,250178
2663,19245,246757
2664,19673,247184
2665,19244,247185
2666,21383,246329
2667,19673,250177
2668,19245,245046
2669,19672,224518
2670,20100,235638
2671,19673,267284
2672,19673,251034
2673,19244,248040
2674,19672,249751
2675,19672,248895
2676,19672,249323
2677,19673,249750
2678,19672,252317
2679,19244,248468
2680,19672,237348
2681,19672,230506
2682,19672,232217
2683,19672,248468
2684,19244,252744
2685,19672,226657
2686,19672,239914
2687,19672,254027
2688,19672,269422
2689,19673,248467
2690,19672,233500
2691,19672,224946
2692,18817,229223
2693,18816,226657
2694,19244,229650
2695,19244,227085
2696,19245,225374
2697,19244,233927
2698,19244,224519
2699,19245,228367
2700,19244,233072
2701,20528,289523
2702,19672,224946
2703,20100,292088
2704,24376,249750
2705,19672,251461
2706,20100,288239
2707,20528,411403
2708,20527,670135
2709,20099,251461
2710,19673,252743
2711,19672,272416
2712,19673,242481
2713,19245,223663
2714,20100,242907
2715,19672,247612
2716,19672,245902
2717,20100,253599
2718,20099,235638
2719,19672,245474
2720,20099,236493
2721,20099,237776
2722,20100,236493
2723,19672,333998
2724,19672,222380
2725,19245,222808
2726,19672,230506
2727,19672,222380
2728,20100,225801
2729,19672,228367
2730,20528,230933
2731,20100,221952
2732,20100,238203
2733,20100,233927
2734,20100,226229
2735,20100,236065
2736,20527,233499
2737,20527,229651
2738,20099,213828
2739,19245,193300
2740,19245,418246
2741,20100,250606
2742,20100,226657
2743,20528,277120
2744,20100,234783
2745,20100,227513
2746,20527,274126
2747,20528,226657
2748,20528,229651
2749,20527,230506
2750,20527,235210
2751,26514,229650
2752,20099,228795
2753,20100,273699
2754,20100,310478
2755,19672,229223
2756,20527,230506
2757,20100,301924
2758,20527,228795
2759,70563,229650
2760,20100,234782
2761,20100,229650
2762,20528,276692
2763,20527,235637
2764,20527,236065
2765,20527,276692
2766,20100,249323
2767,20100,228795
2768,20528,366928
2769,20100,235638
2770,19672,236921
2771,19672,235210
2772,20100,239487
2773,19672,236066
2774,19672,254454
2775,19672,238204
2776,19672,239486
2777,19672,237348
2778,19672,236921
2779,19672,238631
2780,19672,239059
2781,19672,235210
2782,19672,240342
2783,19672,237776
2784,20100,238203
2785,19672,229223
2786,19672,230933
2787,20100,242480
2788,19672,228795
2789,20100,243763
2790,19672,239058
2791,19672,254027
2792,19672,241625
2793,19672,238204
2794,20100,237776
2795,20100,259586
2796,20099,260442
2797,20527,259159
2798,19673,247184
2799,20527,233072
2800,20955,233499
2801,20528,227084
2802,19244,1122593
2803,20527,247612
2804,20527,259159
2805,20528,261296
2806,20527,256165
2807,20527,263435
2808,20099,291661
2809,20527,259159
2810,20528,259158
2811,20528,261297
2812,20527,259586
2813,20528,257448
2814,20527,260869
2815,20527,260869
2816,20100,259159
2817,20955,231361
2818,20100,230079
2819,23093,246757
2820,20955,256165
2821,20528,258731
2822,20527,259159
2823,20527,274554
2824,44476,286529
2825,21383,255310
2826,20955,264290
2827,20528,312615
2828,20527,300641
2829,20527,262580
2830,20955,299785
2831,20527,340413
2832,20955,247612
2833,20527,288667
2834,20955,235210
2835,20955,246757
2836,20955,316036
2837,20955,242480
2838,20527,286956
2839,20955,295510
2840,20955,242908
2841,20527,295509
2842,20100,277120
2843,20527,245901
2844,20955,248467
2845,21383,252316
2846,20100,316892
2847,21383,317747
2848,20528,247612
2849,21383,292088
2850,20955,285246
2851,20955,250606
2852,20527,253599
2853,20100,248040
2854,20100,254027
2855,20955,241197
2856,21382,243763
2857,20956,237776
2858,21383,237349
2859,21383,256593
2860,20955,237776
2861,21383,242907
2862,21383,238204
2863,19672,242480
2864,21382,241198
2865,21383,237776
2866,21382,238203
2867,24804,240342
2868,21383,237776
2869,21383,238631
2870,20955,239059
2871,19672,239914
2872,21382,238632
2873,21383,239486
2874,21383,241197
2875,21810,237775
2876,21383,253172
2877,20955,241625
2878,20100,238204
2879,20955,243335
2880,21383,242052
2881,20955,240342
2882,21382,242480
2883,21810,243763
2884,20955,245902
2885,21383,247612
2886,21382,254027
2887,21382,254882
2888,20527,245474
2889,20955,256593
2890,20955,264290
2891,20527,215966
2892,21810,252744
2893,20955,257448
2894,20955,249750
2895,21810,253171
2896,21811,254026
2897,22238,253599
2898,21810,254882
2899,21383,265574
2900,20956,256165
2901,21810,257020
2902,20527,242908
2903,20955,248468
2904,21382,254882
2905,21383,257448
2906,20955,245046
2907,21383,254454
2908,21810,259159
2909,21810,247612
2910,21383,281824
2911,21383,249323
2912,21383,258731
2913,21383,255737
2914,21383,257876
2915,21811,252316
2916,21382,257021
2917,21810,258731
2918,21383,258731
2919,21383,262152
2920,21383,266001
2921,21383,252316
2922,21383,254454
2923,21810,256165
2924,21810,255738
2925,23521,260441
2926,21810,254454
2927,21383,283963
2928,21382,254882
2929,21383,254882
2930,21383,246329
2931,21810,245046
2932,21383,244619
2933,21811,315181
2934,22238,2766925
2935,21811,271133
2936,21811,252316
2937,21810,300214
2938,21810,322452
2939,21811,320741
2940,21810,258731
2941,22238,254882
2942,21810,259159
2943,21811,259158
2944,21810,340413
2945,44904,472986
2946,21810,313043
2947,21382,292516
2948,24804,261725
2949,20955,383178
2950,21383,246329
2951,21811,298075
2952,21383,296792
2953,21810,245046
2954,21810,299358
2955,21811,365217
2956,21810,289522
2957,21382,513613
2958,22238,255310
2959,21383,254455
2960,21811,245902
2961,21383,269422
2962,21382,253599
2963,21810,247611
2964,21810,247612
2965,21811,291233
2966,21382,248040
2967,21810,248039
2968,22238,468709
2969,21811,1432642
2970,21810,397291
2971,21382,271988
2972,22238,238631
2973,21383,257021
2974,21810,276265
2975,21383,234782
2976,21811,227085
2977,50463,246329
2978,21382,266001
2979,20955,328866
2980,21383,283107
2981,21383,260013
2982,20955,233072
2983,22238,244619
2984,21811,259586
2985,21382,255309
2986,21811,262580
2987,22238,263862
2988,22238,354098
2989,21810,256593
2990,23949,257876
2991,21811,256593
2992,21810,263435
2993,22238,254882
2994,22238,259158
2995,20527,248040
2996,23093,274555
2997,36350,249322
2998,22238,264291
2999,22238,263863
3000,21810,250606
3001,22238,254454
3002,22238,250178
3003,22238,254454
3004,22238,257020
3005,21383,255309
3006,22238,251889
3007,22238,250606
3008,22238,253599
3009,22238,397719
3010,22238,252744
3011,21811,249322
3012,22238,255738
3013,22238,273699
3014,22238,254027
3015,22238,250178
3016,22238,253172
3017,22666,253599
3018,22238,251033
3019,22666,246329
3020,23949,235638
3021,22666,254882
3022,22238,249322
3023,22665,260870
3024,21810,244619
3025,22238,245046
3026,22238,253171
3027,22238,254454
3028,22238,277548
3029,22666,251888
3030,22666,273698
3031,24804,289522
3032,22238,280969
3033,21383,268140
3034,22665,253171
3035,22666,252316
3036,22666,248895
3037,24377,256165
3038,22238,255738
3039,22666,249323
3040,24376,255310
3041,22238,305345
3042,22238,307911
3043,22238,257448
3044,22238,308339
3045,25659,255738
3046,22666,256593
3047,22238,316892
3048,71846,266856
3049,23521,254882
3050,22238,270705
3051,22238,254027
3052,22238,257448
3053,23093,271133
3054,21382,214682
3055,21383,424660
3056,22666,300642
3057,22238,254882
3058,22238,251889
3059,22666,245901
3060,22665,250178
3061,22666,240341
3062,22666,404561
3063,22666,251888
3064,25659,286529
3065,23521,279259
3066,22666,263435
3067,22666,277975
3068,22665,268140
3069,22666,263863
3070,22238,275838
3071,22238,277120
3072,21810,286956
3073,22238,285673
3074,21811,287383
3075,21811,288666
3076,22238,285673
3077,21810,272416
3078,21810,305773
3079,24377,384890
3080,21811,4948818
3081,22666,525160
3082,26087,343407
3083,22666,268567
3084,22666,282680
3085,22238,283535
3086,22666,287384
3087,22238,416536
3088,22666,290378
3089,22666,288239
3090,22666,289522
3091,22238,290377
3092,22666,277975
3093,22666,255310
3094,24376,284390
3095,23094,308339
3096,22665,295509
3097,22666,268140
3098,23094,282252
3099,22665,268995
3100,22666,309194
3101,21810,272844
3102,22665,360085
3103,22238,275837
3104,21810,286101
3105,112474,283535
3106,21810,262153
3107,22666,271560
3108,22238,314326
3109,21810,290377
3110,21811,254454
3111,23093,253172
3112,22666,293799
3113,22238,241625
3114,22238,249323
3115,22665,308767
3116,22665,346400
3117,22666,305345
3118,22666,282679
3119,22238,251461
3120,23093,283535
3121,23093,274127
3122,22665,292944
3123,22666,292088
3124,22666,287811
3125,23093,292516
3126,23094,293371
3127,22666,292088
3128,22666,293799
3129,22665,292944
3130,23093,293799
3131,23094,297647
3132,23093,320741
3133,23094,275838
3134,23093,266429
3135,23093,265146
3136,26087,267285
3137,21810,266856
3138,23521,268567
3139,23094,294654
3140,23093,269850
3141,23521,266001
3142,23093,265145
3143,21810,261297
3144,22665,261725
3145,23094,264290
3146,23521,263007
3147,23093,262152
3148,23521,265146
3149,23093,284390
3150,23521,260869
3151,23093,263435
3152,23093,262580
3153,23521,261297
3154,23093,265146
3155,23093,264290
3156,23521,258731
3157,22666,296792
3158,22665,294227
3159,22666,278403
3160,23094,251888
3161,23093,282680
3162,23093,263435
3163,23093,260442
3164,23094,254026
3165,22665,273272
3166,23094,292515
3167,22666,286101
3168,22666,959657
3169,23093,329722
3170,23093,293371
3171,23093,300641
3172,23093,292944
3173,23093,345973
3174,23093,372487
3175,63720,496934
3176,39772,279259
3177,23521,271988
3178,23094,305345
3179,23094,271133
3180,23093,286101
3181,23521,280542
3182,23521,277548
3183,23521,552958
3184,49180,694511
3185,23093,373770
3186,23093,313471
3187,23521,277120
3188,23521,283107
3189,23093,409265
3190,23093,376764
3191,23948,292515
3192,23094,478545
3193,23094,287811
3194,23094,346828
3195,23949,480257
3196,23948,283963
3197,23948,302780
3198,30791,289522
3199,23094,517889
3200,23948,298931
3201,32929,349821
3202,23521,939557
3203,23521,375481
3204,23521,623948
3205,23521,294654
3206,23521,299786
3207,23093,280969
3208,23093,257876
3209,23094,302351
3210,23521,291232
3211,23521,301925
3212,23094,296364
3213,23094,298075
3214,23521,301069
3215,23094,299785
3216,23521,297219
3217,23521,325446
3218,23521,296365
3219,23094,303207
3220,23521,298930
3221,23521,299358
3222,23093,301924
3223,23521,301924
3224,23521,298931
3225,25231,293799
3226,23521,299358
3227,23521,302352
3228,23521,300213
3229,23521,301069
3230,23521,305346
3231,23521,301496
3232,23521,269850
3233,23521,272843
3234,26515,270705
3235,23949,291233
3236,23948,269850
3237,23521,269422
3238,23949,273699
3239,23949,281396
3240,23093,370349
3241,32501,276265
3242,26087,429365
3243,23949,320313
3244,23521,269850
3245,23521,272843
3246,23949,271561
3247,23521,268567
3248,23521,269850
3249,23949,298502
3250,23949,325445
3251,23949,304062
3252,20527,315609
3253,20528,248895
3254,17534,207841
3255,17534,215965
3256,17962,203136
3257,15823,200570
3258,15824,197149
3259,15824,200998
3260,15823,200570
3261,15823,192873
3262,15823,224091
3263,15823,175338
3264,15395,165075
3265,15823,171917
3266,15823,171490
3267,14968,423806
3268,15823,215538
3269,16251,189023
3270,15396,176621
3271,46614,238631
3272,15823,188595
3273,15824,168068
3274,16251,321169
3275,15823,173628
3276,15823,180043
3277,15824,172345
3278,16251,193727
3279,16251,191589
3280,16251,195866
3281,16679,196293
3282,16251,195438
3283,16679,196721
3284,16679,193728
3285,16250,195438
3286,16679,216393
3287,16678,195865
3288,16678,192445
3289,16679,194583
3290,16251,195011
3291,16251,193727
3292,16251,195439
3293,16679,194583
3294,16251,197149
3295,16679,193727
3296,16251,194583
3297,15823,191162
3298,16678,196721
3299,16679,191162
3300,16251,191589
3301,16250,197149
3302,16678,197149
3303,16678,209978
3304,16679,195011
3305,16679,200570
3306,16250,185602
3307,16678,170207
3308,15396,176194
3309,15824,181326
3310,15824,181753
3311,16251,179615
3312,16251,184746
3313,15823,171917
3314,16251,186885
3315,15823,180470
3316,16251,177476
3317,16678,185602
3318,16251,192444
3319,15823,195866
3320,15824,216393
3321,15823,196294
3322,16251,177049
3323,16251,168924
3324,16251,179187
3325,16678,179614
3326,15824,173628
3327,15395,176621
3328,17534,177904
3329,16251,182181
3330,16251,186885
3331,16251,185175
3332,16251,189023
3333,16251,252743
3334,16251,186885
3335,15824,234355
3336,16251,264718
3337,15395,197576
3338,16251,193300
3339,16251,199287
3340,16251,193300
3341,15823,205274
3342,15824,205702
3343,16251,196721
3344,16679,195866
3345,16251,178332
3346,15823,175766
3347,15823,306629
3348,15823,181326
3349,15823,177476
3350,16251,183464
3351,16251,182181
3352,15823,174910
3353,15823,178332
3354,15823,196721
3355,16251,176194
3356,16251,178760
3357,15824,189879
3358,16251,177476
3359,16251,199715
3360,16251,224519
3361,16679,200570
3362,16678,191161
3363,16679,186030
3364,16678,186886
3365,16679,189451
3366,16678,187313
3367,16678,189451
3368,16679,186885
3369,16251,188596
3370,18817,186457
3371,16678,202708
3372,16251,186885
3373,15823,189451
3374,16679,188168
3375,16251,187740
3376,16678,187312
3377,16678,186886
3378,16678,197576
3379,17534,194155
3380,16679,231361
3381,15824,294654
3382,19672,184747
3383,16679,191162
3384,16251,438774
3385,16251,202281
3386,16251,210406
3387,16251,214682
3388,16251,225374
3389,16251,209979
3390,16678,210406
3391,16678,212545
3392,16679,200998
3393,16251,209123
3394,16250,212116
3395,16678,208695
3396,16679,210834
3397,16679,242480
3398,16251,180471
3399,16251,177476
3400,16678,188596
3401,16678,192872
3402,16678,192444
3403,16679,193727
3404,16251,197148
3405,17534,210834
3406,16678,196721
3407,17106,195439
3408,16679,198004
3409,17106,205275
3410,16678,197149
3411,16678,195439
3412,17107,198004
3413,17106,195866
3414,16679,206557
3415,16678,198004
3416,16251,196721
3417,16679,194155
3418,16251,195438
3419,16678,177049
3420,16251,180897
3421,16678,179188
3422,16678,215538
3423,15823,181325
3424,16251,181753
3425,16679,186885
3426,16251,271988
3427,16678,204846
3428,16679,203564
3429,16251,209123
3430,16251,206557
3431,16251,207840
3432,16679,249750
3433,16678,245901
3434,16251,205274
3435,16251,206129
3436,16678,260441
3437,16679,201853
3438,16678,426799
3439,17534,226229
3440,16679,197149
3441,16679,190734
3442,16679,194583
3443,16678,193300
3444,17106,194155
3445,16679,191589
3446,16678,192445
3447,15395,192872
3448,16678,190734
3449,16679,191162
3450,16678,191589
3451,16679,194155
3452,17106,191589
3453,15823,191589
3454,16679,191162
3455,16250,192017
3456,16678,251033
3457,16678,192016
3458,16678,192444
3459,16679,209979
3460,16251,183036
3461,16678,188595
3462,16678,234783
3463,16678,738559
3464,69708,200143
3465,17107,195438
3466,17107,195865
3467,16679,244618
3468,17106,214255
3469,16678,205275
3470,16679,198432
3471,17107,204419
3472,19244,214255
3473,17106,229651
3474,16678,215110
3475,16251,194155
3476,16678,203136
3477,16679,212544
3478,17106,215111
3479,17106,201852
3480,16678,203563
3481,16679,202281
3482,17106,211261
3483,16679,291660
3484,17106,193300
3485,17106,194155
3486,17106,193299
3487,18389,192445
3488,16679,195866
3489,16678,192444
3490,16679,193300
3491,17106,211689
3492,17107,193300
3493,16678,192444
3494,16679,199287
3495,150534,309194
3496,16679,183892
3497,17534,181326
3498,18817,184747
3499,17534,186030
3500,17533,186457
3501,17534,186029
3502,17534,306201
3503,17106,189451
3504,17534,224947
3505,17106,195438
3506,17962,218532
3507,20100,209551
3508,17106,298503
3509,19245,198004
3510,17106,184319
3511,17107,336992
3512,17106,221953
3513,17106,218104
3514,16251,193300
3515,24376,215110
3516,17106,217676
3517,17106,192445
3518,50463,210406
3519,18817,268567
3520,17106,280114
3521,17106,415253
3522,16678,185602
3523,16679,187740
3524,16678,195866
3525,16679,214255
3526,16679,252744
3527,17106,200142
3528,17106,675694
3529,17107,204847
3530,16679,235638
3531,17106,212544
3532,17107,285673
3533,17106,219814
3534,17107,223236
3535,18389,212116
3536,16678,209123
3537,122310,201853
3538,17106,195866
3539,17106,441767
3540,17534,183464
3541,23093,196294
3542,17106,257449
3543,17106,211261
3544,17533,196721
3545,16679,194583
3546,17106,255310
3547,17106,187313
3548,17534,190306
3549,17107,195438
3550,17106,253172
3551,17106,192872
3552,17106,192017
3553,17533,253599
3554,17534,310477
3555,17534,200997
3556,17534,200570
3557,17961,206129
3558,17534,201425
3559,17962,210406
3560,17106,529008
3561,17534,191161
3562,17962,185174
3563,17106,254027
3564,17106,191162
3565,17106,194582
3566,17533,190734
3567,17107,253171
3568,16679,9162071
3569,17533,2015536
3570,20528,2465856
3571,20528,4782461
3572,18390,3859154
3573,19245,1126015
3574,17962,1228224
3575,18389,1037918
3576,19244,1021239
3577,17534,582893
3578,1888095,1938985
3579,18389,1038773
3580,16678,795438
3581,42766,901496
3582,17106,363079
3583,17534,228795
3584,17534,242053
3585,17534,260014
3586,17534,230933
3587,18389,225374
3588,17961,4898355
3589,17106,277975
3590,17533,2187453
3591,30791,2683960
3592,17534,389594
3593,18390,583748
3594,17534,236065
3595,17534,587597
3596,140698,203563
3597,17106,197576
3598,17534,299786
3599,17534,197149
3600,16679,194583
3601,17534,289949
3602,17534,246329
3603,17106,209123
3604,19244,268139
3605,17961,249322
3606,27370,310478
3607,17962,245046
3608,17961,189878
3609,17962,220670
3610,17962,290805
3611,17106,239059
3612,17107,206129
3613,17106,206130
3614,17106,215965
3615,17106,213828
3616,16678,218103
3617,17106,215965
3618,16678,219387
3619,17106,218959
3620,17106,218959
3621,17106,221525
3622,17107,220242
3623,16678,222808
3624,17106,218531
3625,17106,219814
3626,17106,209979
3627,17106,226656
3628,17107,218531
3629,17107,217676
3630,18816,222380
3631,17534,219387
3632,17534,222381
3633,17106,221098
3634,17106,224947
3635,17534,223663
3636,17962,221953
3637,17106,209123
3638,17534,211689
3639,17106,198005
3640,17106,260014
3641,17106,564504
3642,17106,330577
3643,17533,206129
3644,17534,212117
3645,17106,368638
3646,17534,227940
3647,17534,225802
3648,17961,242480
3649,17533,229650
3650,17961,227513
3651,17534,227513
3652,26515,378902
3653,17961,203563
3654,17533,204419
3655,17962,204847
3656,17106,206557
3657,17534,202708
3658,17533,204419
3659,17534,205274
3660,17961,202708
3661,17962,215537
3662,17534,208267
3663,17962,203992
3664,17962,202708
3665,17534,203136
3666,17961,204419
3667,17962,203564
3668,17961,203136
3669,17961,203991
3670,17962,205275
3671,17534,203135
3672,17533,203563
3673,17961,203991
3674,17961,204419
3675,17961,204419
3676,17962,214255
3677,17961,199714
3678,134711,1217961
3679,17534,10475826
3680,19672,206130
3681,17962,204847
3682,17961,204419
3683,17962,204419
3684,17961,206129
3685,17962,208268
3686,17961,209123
3687,17961,207840
3688,17961,203136
3689,17961,216393
3690,17961,212972
3691,17962,208696
3692,17961,203564
3693,111191,407555
3694,18817,207412
3695,17962,325873
3696,18389,238203
3697,17962,217676
3698,18389,304063
3699,18389,545687
3700,18389,257448
3701,17534,249323
3702,17962,254882
3703,17533,232217
3704,17962,519600
3705,17962,214255
3706,17962,229650
3707,17534,228795
3708,17962,198859
3709,17962,232217
3710,17534,264291
3711,17962,1023805
3712,18389,988737
3713,18817,839913
3714,18389,378047
3715,19244,997291
3716,17961,670563
3717,17961,738987
3718,18389,217249
3719,17106,324589
3720,17961,209123
3721,39344,401995
3722,17962,231361
3723,17962,361368
3724,17961,222808
3725,17961,448609
3726,20100,464861
3727,20100,635067
3728,17962,240770
3729,17534,252743
3730,17961,234354
3731,17961,958802
3732,17961,261725
3733,17961,278403
3734,1232073,253599
3735,17534,221953
3736,17961,232644
3737,17534,212972
3738,18389,450748
3739,18389,263863
3740,17533,195865
3741,17106,212117
3742,17534,205701
3743,18390,210834
3744,17534,252316
3745,18389,206985
3746,18389,207841
3747,18389,221953
3748,18389,207840
3749,17962,209978
3750,17962,207840
3751,18389,209979
3752,18389,207840
3753,18389,207841
3754,17961,207840
3755,18390,209978
3756,17962,207840
3757,18389,211261
3758,18389,209123
3759,18389,210834
3760,18390,209123
3761,18817,208695
3762,18389,212117
3763,18390,1523306
3764,18389,238204
3765,18817,264291
3766,18817,256593
3767,18817,214255
3768,18817,257876
3769,37633,1504061
3770,18389,221098
3771,18389,374626
3772,18389,209978
3773,18390,209551
3774,18389,213827
3775,18389,247612
3776,18389,209124
3777,18389,12397278
3778,18389,354953
3779,17961,862151
3780,17534,390021
3781,172773,249751
3782,18389,229651
3783,18389,235210
3784,18817,223236
3785,18816,234782
3786,17961,212544
3787,19672,212116
3788,18817,210834
3789,18389,271133
3790,17962,224519
3791,18390,208268
3792,17962,249322
3793,17961,263435
3794,18817,214255
3795,18817,472559
3796,19245,248467
3797,18817,218959
3798,18389,321596
3799,18817,213399
3800,18817,608980
3801,18817,214683
3802,19245,233500
3803,18817,223664
3804,17534,253599
3805,18817,214255
3806,18817,211689
3807,18816,210406
3808,18389,211261
3809,18817,479401
3810,439629,262152
3811,18389,228367
3812,18817,225374
3813,22666,233071
3814,17962,271989
3815,18389,214255
3816,17961,203563
3817,36350,218103
3818,17962,209551
3819,19245,218959
3820,18816,218104
3821,18817,215965
3822,19672,209979
3823,18389,215110
3824,20528,222808
3825,463150,248040
3826,18389,249323
3827,18389,240342
3828,18389,239059
3829,18389,245474
3830,18389,238632
3831,18817,240342
3832,18390,254027
3833,18390,236493
3834,18389,236493
3835,18389,237776
3836,18389,238631
3837,18389,514041
3838,18817,224947
3839,18817,364789
3840,19245,431503
3841,18389,787739
3842,18389,235638
3843,17962,220670
3844,17962,223236
3845,18389,216393
3846,17961,223664
3847,17962,221525
3848,17962,224519
3849,18389,233927
3850,18390,223663
3851,17961,227940
3852,18389,221097
3853,17962,226229
3854,18817,227512
3855,18389,221525
3856,18389,227940
3857,18390,222380
3858,18389,225801
3859,18389,227940
3860,18389,222380
3861,18390,227940
3862,18389,227940
3863,18389,223236
3864,17962,227940
3865,18389,337847
3866,18816,254454
3867,18817,239486
3868,18817,241625
3869,18817,236065
3870,18817,178759
3871,17533,179615
3872,17961,206985
3873,18389,217676
3874,18817,215538
3875,18817,299359
3876,18817,256165
3877,18817,215538
3878,18816,219814
3879,19244,226229
3880,18816,256592
3881,18817,215538
3882,18816,230933
3883,18817,265146
3884,18817,215966
3885,17962,1133285
3886,19244,779187
3887,19245,221953
3888,19245,217248
3889,17961,214255
3890,18817,216394
3891,19245,217676
3892,19245,214683
3893,19245,215966
3894,19245,216393
3895,19245,216394
3896,18817,211262
3897,19245,217248
3898,19245,263863
3899,18816,217676
3900,337419,237348
3901,21383,220670
3902,19672,220242
3903,19245,219814
3904,18817,220670
3905,18817,219386
3906,19672,221525
3907,18817,225802
3908,18817,238204
3909,19245,221097
3910,19245,223663
3911,18817,218959
3912,19244,221097
3913,19672,236065
3914,19245,216393
3915,21383,222808
3916,19244,221098
3917,19244,230933
3918,18816,208268
3919,17962,370349
3920,19244,250606
3921,18817,248895
3922,19245,238204
3923,20100,245474
3924,19245,239487
3925,19245,219814
3926,19245,219387
3927,17962,1137561
3928,19672,230934
3929,19245,240770
3930,19245,375481
3931,18817,215538
3932,18389,792016
3933,19244,410548
3934,18389,233499
3935,19245,287384
3936,19245,1251317
3937,19244,260441
3938,18817,412259
3939,35923,505916
3940,18817,273271
3941,18817,236065
3942,18817,242053
3943,18816,238203
3944,18389,236493
3945,18389,232644
3946,18389,240342
3947,18816,212972
3948,18817,240342
3949,18817,238203
3950,18817,237776
3951,19672,257876
3952,18390,239486
3953,18389,239914
3954,19244,227940
3955,18817,233072
3956,18817,213827
3957,18817,226229
3958,17962,219814
3959,19244,231789
3960,19245,246757
3961,19245,345545
3962,62010,222808
3963,19245,246329
3964,19245,245901
3965,19244,258303
3966,19245,249323
3967,19245,264718
3968,19244,267284
3969,19244,245474
3970,19244,248895
3971,18817,209978
3972,18817,802707
3973,18817,204846
3974,18817,234355
3975,29508,237776
3976,19245,1453598
3977,23949,287384
3978,18817,1034069
3979,19672,294654
3980,19244,267711
3981,19244,256593
3982,18816,252316
3983,18817,283535
3984,18817,245902
3985,18817,247184
3986,18816,217248
3987,18817,218531
3988,19244,215537
3989,19245,215538
3990,19244,6293364
3991,19672,264291
3992,18390,239486
3993,19245,235638
3994,19672,229223
3995,19672,226229
3996,20100,239487
3997,19672,225802
3998,19672,226229
3999,19672,228367
4000,19245,225373
4001,19672,222808
4002,19672,221952
4003,19673,238631
4004,19244,264290
4005,67142,263007
4006,18817,455880
4007,19672,307484
4008,18817,1736705
4009,19244,345544
4010,19245,1458730
4011,19672,238203
4012,19244,236065
4013,19672,225802
4014,19672,215538
4015,19672,224519
4016,19244,226229
4017,19672,223663
4018,19244,224091
4019,19672,237349
4020,19672,238631
4021,18389,223664
4022,20100,223236
4023,91518,226230
4024,19672,224091
4025,19672,223664
4026,19672,225802
4027,19672,224518
4028,20100,224518
4029,19672,223663
4030,19672,224091
4031,19672,224519
4032,19672,224519
4033,19672,225802
4034,20100,224519
4035,20100,224519
4036,19672,224946
4037,19245,272416
4038,19672,274554
4039,19672,225374
4040,19244,238632
4041,19672,548254
4042,19245,219387
4043,19244,273271
4044,19244,248039
4045,19244,308339
4046,19245,270705
4047,41054,235637
4048,19244,295081
4049,19245,318175
4050,23948,220669
4051,18817,226657
4052,19245,2997003
4053,19672,484105
4054,19672,305346
4055,20100,228368
4056,19672,225801
4057,20099,227512
4058,19672,225802
4059,19672,225374
4060,19244,224947
4061,19672,226657
4062,19672,224947
4063,19672,251888
4064,19244,256165
4065,19672,250605
4066,19672,254027
4067,20100,255738
4068,19673,253599
4069,19672,252317
4070,21382,254882
4071,19672,265573
4072,19672,269850
4073,19672,238203
4074,19672,282252
4075,19672,285673
4076,19244,246329
4077,19672,254027
4078,20100,216821
4079,19244,230933
4080,19672,227939
4081,19245,248040
4082,19244,266857
4083,20100,238204
4084,20100,227512
4085,20527,216821
4086,19245,227512
4087,19673,237348
4088,18817,240342
4089,19672,226229
4090,19672,231361
4091,19672,235210
4092,19244,633784
4093,19672,228368
4094,19244,254454
4095,19672,233072
4096,20100,224091
4097,20099,227940
4098,20527,305346
4099,20100,263435
4100,19672,244190
4101,20100,235637
4102,20527,236065
4103,20099,230078
4104,20528,238632
4105,19673,270278
4106,20100,254455
4107,19672,251889
4108,19672,249322
4109,19244,211262
4110,19672,232644
4111,19672,216821
4112,19244,214683
4113,19672,230505
4114,19672,229223
4115,22666,229651
4116,21382,242480
4117,22238,237776
4118,20100,257876
4119,19672,392586
4120,20100,260870
4121,20100,253599
4122,19672,266002
4123,19672,251888
4124,19673,253599
4125,20100,254027
4126,20100,254455
4127,20100,258303
4128,20100,263863
4129,19672,480684
4130,19672,222381
4131,20100,252316
4132,20100,232217
4133,19672,243763
4134,20100,237348
4135,20100,248895
4136,20100,229651
4137,20099,371631
4138,20527,242908
4139,20528,265573
4140,20099,239914
4141,19245,251889
4142,20099,260014
4143,20100,260442
4144,19672,257020
4145,20099,258303
4146,42766,300641
4147,19245,225801
4148,20528,230078
4149,21811,230506
4150,20528,227084
4151,20528,230934
4152,20099,232644
4153,20527,231361
4154,20527,222808
4155,20527,230933
4156,20527,244619
4157,20528,227085
4158,20528,231361
4159,20100,233499
4160,20100,235210
4161,20099,224946
4162,20527,236065
4163,20100,234355
4164,20100,230934
4165,20528,233499
4166,20528,246329
4167,19672,251034
4168,20100,343407
4169,36350,233927
4170,19672,227513
4171,20528,242480
4172,20528,246329
4173,21383,253599
4174,19673,231361
4175,19672,222381
4176,37634,226229
4177,20099,240342
4178,20099,233927
4179,20099,244190
4180,20099,236920
4181,20099,234354
4182,20100,245046
4183,20528,245046
4184,20100,233499
4185,20528,238204
4186,20528,236921
4187,19245,233927
4188,20527,232217
4189,20100,238631
4190,20527,247185
4191,22238,240342
4192,20527,232216
4193,20527,219814
4194,21810,287811
4195,20100,261725
4196,20527,263863
4197,20955,302779
4198,19672,212544
4199,19672,221097
4200,20100,1352671
4201,20100,243763
4202,20527,239915
4203,20527,747540
4204,20955,243763
4205,20956,233072
4206,20099,224518
4207,20100,238632
4208,59444,236065
4209,20527,239059
4210,20955,224946
4211,20100,244618
4212,20099,224518
4213,20100,239487
4214,20527,260014
4215,20099,239486
4216,20100,225374
4217,20527,235637
4218,20100,240342
4219,20528,225802
4220,20099,233499
4221,19672,261296
4222,20099,229650
4223,20528,238204
4224,21811,243763
4225,20527,236493
4226,20099,224091
4227,20100,232645
4228,20528,270706
4229,20528,263435
4230,20527,256593
4231,20528,227085
4232,20100,246329
4233,20100,261724
4234,20528,244619
4235,20528,236921
4236,20955,241197
4237,20528,235210
4238,20528,235210
4239,20527,234783
4240,33357,237348
4241,20527,251461
4242,20528,238204
4243,20528,238204
4244,20955,238204
4245,19245,235638
4246,20955,240342
4247,19245,236066
4248,20527,234783
4249,20955,235210
4250,20528,236065
4251,20100,235210
4252,20527,238204
4253,20527,238203
4254,20100,234355
4255,20527,236065
4256,19244,235210
4257,20955,238631
4258,20955,235210
4259,20527,248468
4260,19672,238631
4261,20527,253599
4262,20100,253172
4263,20100,252744
4264,20100,244191
4265,20955,246756
4266,20100,245901
4267,32929,240342
4268,20527,246757
4269,20955,248895
4270,20100,242053
4271,20527,248467
4272,20528,246329
4273,20527,248895
4274,20099,231789
4275,20527,244191
4276,20527,261296
4277,20528,262580
4278,20527,244191
4279,20955,237348
4280,20955,249323
4281,20527,242908
4282,20528,242908
4283,20955,238632
4284,20955,237348
4285,20955,244191
4286,20099,309622
4287,20527,238631
4288,20955,239487
4289,20955,233072
4290,21383,239914
4291,20955,239487
4292,21383,232217
4293,20100,404989
4294,20955,1042194
4295,20955,248040
4296,20955,2943974
4297,21383,273271
4298,20955,252743
4299,20955,254454
4300,20955,244619
4301,20955,243336
4302,21383,243763
4303,20955,246329
4304,20955,247184
4305,21383,244191
4306,20955,248468
4307,21383,241625
4308,21383,238204
4309,20955,4597286
